timestamp,wind_speed (km/h),precipitation (mm)
2026-10-10T08:00Z,12,0.0
2026-10-10T09:00Z,12,0.0
2026-10-10T10:00Z,12,1.5
2026-10-10T11:00Z,12,1.5
2026-10-10T12:00Z,12,1.5
2026-10-10T13:00Z,12,1.5
2026-10-10T14:00Z,12,1.5
2026-10-10T15:00Z,12,1.5
2026-10-10T16:00Z,12,1.5
2026-10-10T17:00Z,12,1.5
2026-10-10T18:00Z,12,0.0
2026-10-10T19:00Z,12,0.0
2026-10-10T20:00Z,12,0.0
2026-10-10T21:00Z,12,0.0
2026-10-10T22:00Z,12,0.0
2026-10-10T23:00Z,12,0.0
2026-10-11T00:00Z,12,0.0
2026-10-11T01:00Z,12,0.0
2026-10-11T02:00Z,12,0.0
2026-10-11T03:00Z,12,0.0
2026-10-11T04:00Z,12,0.0
2026-10-11T05:00Z,12,0.0
2026-10-11T06:00Z,12,0.0
2026-10-11T07:00Z,12,0.0
2026-10-11T08:00Z,8,0.0
2026-10-11T09:00Z,8,0.0
2026-10-11T10:00Z,8,0.0
2026-10-11T11:00Z,8,0.0
2026-10-11T12:00Z,8,0.0
2026-10-11T13:00Z,8,0.0
2026-10-11T14:00Z,8,0.0
2026-10-11T15:00Z,8,0.0
2026-10-11T16:00Z,8,0.0
2026-10-11T17:00Z,8,0.0
2026-10-11T18:00Z,8,0.0
2026-10-11T19:00Z,8,0.0
